{
	"version" : "1"
	, "consensus" : {
		"type"  : "single",
		"miner" : "dpzuVdosQrF2kmzumhVeFQZa1aYcdgFpN"
	}
	, "predistribution":[
		{
			"address" : "dpzuVdosQrF2kmzumhVeFQZa1aYcdgFpN"
			, "quota" : "100000000000000000000"
		}
	]
	, "maxblocksize" : "128"
	, "period" : "3000"
	, "award" : "428100000000"
	, "decimals" : "8"
	, "award_decay": {
		"height_gap": 31536000,
		"ratio": 1
	}
	, "permission": {
		"CreateAccount" : { "rule" : "NULL", "acl": {}},
		"SetAccountAcl": { "rule" : "NULL", "acl": {}},
		"SetContractMethodAcl": { "rule" : "NULL", "acl": {}}
	}
}
